address,TORI
cosmos13vyvwfc5es7wx723z5j0xtgagy4k42s67q8mhm,20440
cosmos1a848jpm7ft0ug9p5gq0v26t7zuyme9afqxxju4,16800
cosmos1aakg8cq30w03xn3gldaf9mh04sr6wume3xc6nk,11200
cosmos1zky8eltuamjhm82qp8ldmvzg6tntpcmz4nmmea,2400
cosmos1xz4kdpwygkf8pcqzpgjhefx858m9nq8ve6l4mh,2400
cosmos1ujfw5kwyy9azpugpkatsc384sxj2244sauegxa,2400
cosmos1en69twaxmv7xupy8lq7y539dpecx7yz8tuz5hv,2400
cosmos1c2ypfu4pfn2y4nvduljkmx9493wu9dy958whdw,2400
cosmos1wk6ah5kpjgyhgqqyxykssarg60jrdlv895wh4n,1680
cosmos1tskczmq4we6kletfzayjf4gsdlwqv8lt0ynn8j,1680
cosmos1rfu9u3d0f0e8mnfs0l5gpthf9kh8s3809ml92y,1680
cosmos1krz79gp5ags3lcxdls7pf3lqrp9hgl9033fkkt,1680
cosmos1gjgjsh74w5trmfaaauq4qt2mwvh8p7gs23n2d7,1680
cosmos1c4z34d2g2tuxv4tk30zpgsu8w6ewcnxy4l9r3p,1680
cosmos17cd55etqcmgls2xkp64nah3c2m2jdvpsly8njq,1680
cosmos15l9q5vw33u26jn48kdnyssxv8rprgesmqck0rg,1680
cosmos14mrcusnnxdym72flmd8x5st4jvrhadu0t2eqr4,1680
cosmos1088zdc7lxqvh7mwyv46cr6s3asydvwe2r9htnk,1680
cosmos1zlvkhekhwcyx90z4265k275dfhxe20e3jsdfgn,1306
cosmos1z5uf8jd5axyxhpxk97qtlvgklw5qsrmms6q8gx,1306
cosmos1yh5tfl6t5lyyl5hj05rwv7fpn07qyt4flc2qgh,1306
cosmos1we7n7caqkkqznt04xatyyrfayy042vtpqtupaj,1306
cosmos1w34mzcw8tllrrj7js57jjrzxhg5tzapfpe9vnv,1306
cosmos1twkn26js963hg48t63lyuaj9u63s468sq2p0j7,1306
cosmos1tvv20zlkucwl8aa774sprxxqxhgrlwrvrp68fs,1306
cosmos1tl3ylq6m9aj6w4ywqz97mzp0eaf3fy5qyre6ex,1306
cosmos1s4z8wt477mwev7uewj8qjdfjhnsuujzwz8efpx,1306
cosmos1qtzrzh28a9nt78d3fm2fkkxhmjvaruelqs734y,1306
cosmos1qkw7sqzsphspz2flgjz253nge0u3e6fmpak9gy,1306
cosmos1n9upr3fz82lu54v2tmwvy978f782qpyyfayqqm,1306
cosmos1lsuqj2t83qvfzajd3ejju6nqlv6xpezv7l3ste,1306
cosmos1lcdq2vmp5fcy3rkhv2sdp6d00ktt2zgeg6jr86,1306
cosmos1j8t72m3zf7rqye3t7kf0mez539rcmfcvhlp4tt,1306
cosmos1j30w2ykckc5d2m7lzfj8fnluuf7jw2dgkwycfv,1306
cosmos1h0unr6dceuq0grqknq3ps8z5r0m89uq06qdptf,1306
cosmos1er3936tlkf9kffy0cf2l4mtnjw4ylpatc288jg,1306
cosmos1ed969y7wepmnc8ngz3kugtulhm06dcxmrhn0zt,1306
cosmos1dzsvzasje88mjq9lh4c5d3af9440htxzlarqh4,1306
cosmos1cl5fz9cgjar0qj8e3zhr7t77fs3dcwf7s6dxx2,1306
cosmos19t6kxd4mmkawxtmejxjt3x597xtdevufh549h9,1306
cosmos19hrvenhuwrxef5vpyzpyda8q093zwtf9w7q0c0,1306
cosmos16p777gm8ugeg6q0x4pey0f0wxe3xffrglj4d0w,1306
cosmos15435wml3xku4x47vgw2en8xjk4j3g6ggn5nyxj,1306
cosmos14vkfgptfg97263pzsu3ete977tcyatagr6yfa2,1306
cosmos13qtzss8g6wy0x6hl2uvdvytl594hwdxljyzqtq,1306
cosmos13ccuj29nvkt8razwq63cdga4r5asklhq0ucut5,1306
cosmos10xamn652ljdugjj83z8zmupf7n7fywumnnmw3h,1306
cosmos10q2ahgxxqfwnkd2xgk5m05jh3p482c6svt556q,1306
cosmos1zvmw3smaqas8g4kaptzutqm2rrh43g40secy0z,952
cosmos1zu8rg6d6edtx08d4huchwtrgyau5phtsdun29l,952
cosmos1zpgye7j55w5ue9k3grr0qad88y92m65wk83lzp,952
cosmos1zhuy9s3cz9nc9eys7nwtt2txqnc9pwntm9kft2,952
cosmos1yvhe76aslxhuee557w8g8sqrj5d43xsa6vlft6,952
cosmos1ykeu0kv4zuz9v74l34c9ca7k2mdpmh5yr7h8s2,952
cosmos1ya357fcwfsy54mrqqhexd7lpheahul8hvxfde0,952
cosmos1xr0mfhue0fyqlzdx98ya55zvzhcwqwzm0wzkpl,952
cosmos1xgw4zsxtm7mx0zav83an7pcrschkr8rx4ksvgt,952
cosmos1xcgwz9fgqmqza4xycgspwujn9jjryxpw0ju6jt,952
cosmos1vawj5sjzugsrlwzna4jfjvp658rceeww3dxq02,952
cosmos1utr8j9685hfxyza3wnu8pa9lpu8360knx0c9fg,952
cosmos1tp5g8rk6a8ds7an8j7lazd0sdzzrt439wj84ex,952
cosmos1rcceyd67vvq4jmfu8ne5c6wp4vwna5duejw3r9,952
cosmos1r6kcvhd9zspx8609l4te3pam2dul0fycy90y9e,952
cosmos1qkm4drlrdszdy4cu7wdu0dsycp86ukzr6dln0e,952
cosmos1p2xaxefvmprl42g7zvstm787qa6nfstajw5y4e,952
cosmos1mr0fmcayj8r09u5ehl8vdnwj4a5saxrn5a30t3,952
cosmos1mjp9pamgxzy0lajrg40la93x35fuc6q9sxq8uc,952
cosmos1mffhrpu79mqxa06udsupg705v4twkgnw6d4hvt,952
cosmos1lh78a0p9p744uas9kryx4gwq3zggny07wtqg7n,952
cosmos1l0kjthg3ywg0hatckxrmg26vk096zh9thnxdyy,952
cosmos1jsljedp4qy9h8x6g6mrrwfazaxrxq9nqc8klz6,952
cosmos1jq8w2868vdey3dfmpj3gnxu0s7qtddt3uec700,952
cosmos1hruggq738a552jn98fl2wpnjdzv2cwlqaxl4zv,952
cosmos1hnc05pygmwxyup349xnzzp7r5gsjhp3kkgxlwe,952
cosmos1fpu6987zgdjf65yeyr2uuut82talr59g0re3ed,952
cosmos1fku9gl93dy3z4d2y58gza06un72ulmd8trruxw,952
cosmos1fes3cfue0u8p0cd3mf02lyzvwlfwaugysxt0sf,952
cosmos1evcnvuvljzc46uaemucxnmlfs4f3q0fr9uzrys,952
cosmos1eevrrnefg2fwf0yluf4aty5g66t9qsft0pwnrn,952
cosmos1e89j9pjnz04fwdjj3lhj93jvfn58kpyatx5497,952
cosmos1e2zqmg86dau623l4jh9q9cpva3cf574j6xusmd,952
cosmos1dx0pkfmjlz6f46k9tmp7nlqegc0al833gdd8yh,952
cosmos1danun003nf7md876qrnx69sv7jt8j3shl5xady,952
cosmos1adsakpnywa0vf8a3th4rcyucrspzg5v6eyyqtx,952
cosmos1a2r2sk56jl5c74p753f9xekzfsaha8gk7daljk,952
cosmos19l6ryekypmy369lzjfc2l76nlcklcaue65rhnk,952
cosmos19l3dy2lzy6vw3j5pvrtz6uceq0flcps7ep8x5h,952
cosmos19k330506676g8sst5csupamayquy5aurk49kg4,952
cosmos18twdkas3ghjf9ksx2sj8fqz0rwx6wuzlufl9df,952
cosmos189cf53exlyrpf325u8ajyezpm8gqyfmawhx25m,952
cosmos17dqrmyef2cv3kxkcplu2c3w6j4pcdr540d6dnh,952
cosmos173pe6weswlpfwj06hz5s0kqc9hhv68zncr6sxv,952
cosmos15zs0cjct43xs4z4sesxcrynar5mxm82fvhzypk,952
cosmos14y9fgn223s4evmvtxvy087gpukgxfls2x75ysm,952
cosmos139dj3p70v7dexgu2kpt6v7sjg8chv55qzs6aca,952
cosmos12vevntkk8nv8qfyqr6c2hnndztt05p4rce7xgp,952
cosmos12kvrp8ceekaegg2sh3gplcu6s0vvs6edly6jpa,952
cosmos10favr5kfqgy2wawcyr9tsmk7zqzpt2h3skx48q,952
cosmos1zzd4tcvmdw9nwhfj208p98mha8v96m8h29767v,358
cosmos1zkc2mufpdecm0ej0lawku5sd96feyd2ywwgccp,358
cosmos1zja9xayj0jqyasva3t2tmsaf2y0shywmz7stuc,358
cosmos1zfkp9q3anlpjs79qrls2ypu4xdt2k35ukwjw5s,358
cosmos1z9mt5kxp9f5l60h6lzfkphwrhvnd86mscvksjd,358
cosmos1z4yu58vu90np5sh04j3p62vaqwl8y2t05agg9h,358
cosmos1ywgtnnm6ywg0zndzfny6y3r9tw9j5758syfmg7,358
cosmos1yvd3kz09q8wf8ta4tmtmqlc20erqa58keqkgcs,358
cosmos1yq7mgam4p4tzcwnu4r7smwt56l20d9ljupa9n3,358
cosmos1ylkezxjf9wl9cjnq7aqv6qutggx87y945sz3qv,358
cosmos1y79pfey448r5ned5dcffg9dre4gvq88usy7s8k,358
cosmos1y3kk7cmqwmef7t3dk08e6rlalwyat294a4v6l0,358
cosmos1y2xxfduphnrgws5qjy4evaw034ue3s8jnyhnvl,358
cosmos1xrdtdclha7shskrenwml6gegk6m8umc7lyk6wy,358
cosmos1xqwckez8j0q8uzuvrmmk3ejrp2pfe7w2cwz07z,358
cosmos1xh2lqjrscck43vu90z5ggudgajfzdewfqf6psx,358
cosmos1xfhjqtfhh7f7ny99xsaa088xdg0fdjqv374ah3,358
cosmos1xcsjdnp64xdtygrmjasqkz90z2rh5nukk96phf,358
cosmos1x3dkg3ge9t9g2s3q5ke50pavsvgcu0h6ldq95a,358
cosmos1wxajdu6ekkvjjxuk0g9nr9wsur8fnfzulytnlc,358
cosmos1ww70mq2065wy03agjd2ujsamh5ckvv9nma0c8z,358
cosmos1wqggfe754ph0q6t4yt3zl0en2kn355lmgtq35g,358
cosmos1wptxx57p4ad7ax5rcqw93nyyrl900wmayrx6ez,358
cosmos1wld2m6f46vd5lguzqk88hcw0jnppgnmgn9jk2f,358
cosmos1wcw0k5x4lhuezzpng6te8rpgwms5yhldcawsle,358
cosmos1w579k2qcv09a9k35dyh020g6ymz2zuu8j8lxf6,358
cosmos1vw20tgcgl70w2yefer0a6k6htdhpv9hpzwrep5,358
cosmos1vu0783q72caqtyf06reqkrf583l9xtqzrm3qmv,358
cosmos1vtt0n9t46v9r4xt82lk4hq49ls9pwpalwezyfk,358
cosmos1vtl6t2gzzd5xa4jtudun6an225cpmxwa8r85mr,358
cosmos1vsnc9ckkvwpjfs7nlq6ch2yn232efg8ctm26k2,358
cosmos1vplfq3ska2xutxjmk6jrwwuy7nc3jxekqtqe7u,358
cosmos1vm8fy28ntwsalqf6gmguqf6qx8qtkwgcldfp7g,358
cosmos1v35mnutafcdzqy6d38l76309flkd4pkdxd89dj,358
cosmos1v2r7swr35jdcpe87kc86980gh98d3wemjxapqv,358
cosmos1uzyqxz7src0dsnces4vpshuv96mey2s2h5mwdx,358
cosmos1usw29wx0yqvhgpjsk4eyg423vwnl6urn8q5gvr,358
cosmos1unldm75rypm7gj5920v98dzq4tg7enyuj2w8l3,358
cosmos1ukchvfgcadlxntmunmskma5g4hjfm38cz6ys0m,358
cosmos1u36jacatz0fs6x6urhnkpy5udfrt9ptjgye5td,358
cosmos1tznlz4fyfzm63pswjvrd55zx0thnrxs5fuzwh5,358
cosmos1tj6x5nql4wzxq348ky77tndrqcf99gjcwcvyfn,358
cosmos1thevp4elt0qdkv7adle0hkw7dy2qwz04c5yvl5,358
cosmos1thascps0q6wp320rwcwfk4cx40serleqcl89hs,358
cosmos1ten3arfv0tkwq8l5t6dcnaylkz5qq9af42fzgt,358
cosmos1tap38ejwsp8qd8z49a3n7pzldw8p7jctp68rys,358
cosmos1t7nafa22vrlsl2xpg6klsy0dqme9qvjejh8ya5,358
cosmos1t4l99736tr037t5llyfve8lwzsge49jhj3ksx6,358
cosmos1t482c9nntlpdr9xfka6j3rk5alf0dfvjyt48ej,358
cosmos1t05987dvn0hyn5rfa23hav2nxty6eluhag5hnr,358
cosmos1syslr22psalk8qz2m7wh5pz3d6rsz58wyudtew,358
cosmos1sw76aquvweqnt5t5ev8nmdqj4q3cytqfmnltg9,358
cosmos1stms0kphakxvzvdqhawylpslkkcpccunfcqsvm,358
cosmos1sjj5lfwewlyvvvx5a8e9juqhsd7amxlyg6thk8,358
cosmos1s7fssjp4mv2sdanxp8kvw8tset2wr9kxnqk8la,358
cosmos1s03e3ur50q4t03n03ctzna2lzdwy6q0uymax8f,358
cosmos1rvs9z8f9trevrac26uthpgdwcl9cafe4wvvvvw,358
cosmos1rvg0ptxzx0zxngs9nx6w3dspsn32gfjar9h8s5,358
cosmos1rl9eyy2zyvt4730tqg9s6eek74d6dhuxe66k88,358
cosmos1rdwpmkg5l63x59s2yuwcu50qcayma6av486llu,358
cosmos1r99dryg400uzw3mu6w8enrna8ytcmwn3h40ts0,358
cosmos1r7d6mkjpwracqdv90rm2kdgewmrr8xwu9wscrk,358
cosmos1r2jpzfpqu8uj0keu4m32yycd3leyavkmle75sq,358
cosmos1qzdtwaaz9ug79x9a5fynxq6aqh73z5ms0xhdf8,358
cosmos1qut0h3sdawr2cz6j4862u998u3ke9209w39v2e,358
cosmos1qr2z9csl7pes7hylxf4uml6nf54tlplfp4y562,358
cosmos1qgme8vlq4ly8tcye6xdgxnz4khzq9es06h6kmk,358
cosmos1qfjck07rfwdrf4k40lqx6zdugm0szm3p4a0pty,358
cosmos1qed2s9939gj6599lu0qx2hrysm0fmhf6ynn3ay,358
cosmos1q9dn7tev6ssjnzaf7n6wm2ylemmu0j9j56skun,358
cosmos1q79x54fyed6jwe03ckh9fszrg66tt749wp0nmc,358
cosmos1pwfzf637wax8a7n00y3cpf3f4g86n09c2vqm4n,358
cosmos1pmtm2yg09745g0j62lkey3x9usqpanmmwuax7f,358
cosmos1phxt5kdjkjpewsgu4sl3rshth2a6feuuau0z35,358
cosmos1perc3tqtc3mszgnlrewmvd24cnff2t5sf40f5w,358
cosmos1pcthwneplcacy05v4y5nqc0jhaqdpyur852ne4,358
cosmos1p897yys9cj2r28w3hljqczsaf2rjde889uhtcd,358
cosmos1ny39fvr79cc7fykl2rmj7shhem003zc8w69pfc,358
cosmos1ntvr3y8qypwn93rnxnmhqh6rqza0z5uh5wjyaa,358
cosmos1nssg5ctc5ve4x7e90nkrgrf8jcv6j3q4dtle0n,358
cosmos1npnz2zx5psf5szxz6afwz6j78vqeyg3lxz6473,358
cosmos1npkxf62m7wxtn4gvcy2a8u4qfhyr27rl9xhmp2,358
cosmos1nf45hx704qjwu79v3fn3uxe0zjp7fjerxkfk4m,358
cosmos1ncv965mj5t59fwdsth06u50xzm89vxnsmw0f9j,358
cosmos1nc7h7argg4sqtsudspp8ey3fwufrk66gxx9qzw,358
cosmos1na89eg8edxumcgn85gqf2fptzuc0sydzw8dct0,358
cosmos1n9tuvvcqwkmuf9gvty4zxs8g0r795f3zze9qt9,358
cosmos1n7dmg32g7dlqeu3wuxhaul23gd4feul9lh55pk,358
cosmos1n6t4qsc0txxuw3e2q0s5zsgth2arwjygf2v6ls,358
cosmos1mvr37u2kj8y7054m3uqnvazans2q0ahksmx857,358
cosmos1mhu7a96ug76cl7n5lzp9545v7ydcegy4688ue2,358
cosmos1mgxevpz4nx2z5lqj309kwvvjvh2vvk7hs4k4x8,358
cosmos1mfvmpne3pv2dwpe0ccmkht0eyusf0rld0uph06,358
cosmos1m5ac7a4jvh7p2gjt02qts9j6v42h3havnt65n0,358
cosmos1m0wflrmqy0pmx7zqgcmqm29hetj7jf96pj83pz,358
cosmos1llc7aa778tlp3dhpmwzj7we2pg3l5fk5dv693v,358
cosmos1lfr5xzw0q54tkr0vx6t9xzckzflgwttg549c3n,358
cosmos1lc6qf3ywwcje9rfm4hknpasyx4rcmeeu30203f,358
cosmos1l6cc957qj243lkevpcg58p56mmkwahnz2ew6zr,358
cosmos1kz9ehvtvajhrrt4upajt6jaj6gdhv0kwyax3g8,358
cosmos1kr3s3sfq0nhr2vl4lkgt3yxpq4ujv0e0nfvvna,358
cosmos1k3du2rdf0zk7jy0ucmxme47my0lv04akzfzj05,358
cosmos1jlefraakjmvg5kjj72v5823cudjtnfhlc4pula,358
cosmos1jak20ucdlx9daxtnnfnd22gvxfnjfvt92j2zu0,358
cosmos1htjkka3v224r3dpcqnw7vzlred0fugkjxd7l8r,358
cosmos1htag2ugkfmy6xgtcgwr7lusuv5y4unyqqevhez,358
cosmos1hq5ack683vra7js9fq2exmn9xhpzadu6uluzxt,358
cosmos1hp2cpa95f3qazdl6qexwxnjaa6tmhcnt070ruh,358
cosmos1hmedj8s2nd06tjx9yqhnvy2pmkf78vv7awhzg0,358
cosmos1hln7p06ucf87jrl2y360tge3nsadzkhtk3re2f,358
cosmos1hjxv5ujhzvpsm6e5y2xf0k2p0qrf8aqgqq8tuj,358
cosmos1hh2kf50kys4wef8n4wjky08907yma2ecnzeeg9,358
cosmos1ha2ut4j4nj4u20ma3alj3mxen6pgpxrfpq6w09,358
cosmos1h24n880frk0q2n8nw8h3qxv5r4ls2wd7r06880,358
cosmos1h0pgn9lk5vatfuzwgun4kjsy80acu8pgnpefs6,358
cosmos1gtqc3v7e8aavw4xecfdz0rmhsaztec0ygau6ge,358
cosmos1gma3elj430ckhh4r59unnhggttrwgd76q8h706,358
cosmos1gj84dnh75mhzn2cvl6a2qzn4d5gvrws4j9tkwt,358
cosmos1gh4fqynpd58m6vjffkelhyp8dk9v0779zj0zwv,358
cosmos1gekdv2hgf97hh4d6ztk2h27p2jswqwkfu9gfw6,358
cosmos1gdpdcxzt5hncsn7swcxhqug754ayl9napgva2x,358
cosmos1gamnuha4sckekg3jcm39egfgwuh9e6dvahe4dc,358
cosmos1g8qwg2vln92w5uprsj54hsv4ydxclxt55aw6ja,358
cosmos1g5z40vh9hx2elsj0jl069xmhtlnd7pg74l624z,358
cosmos1g3herkv4gkdnl664ddvhjew0zut74ap726z7dd,358
cosmos1fttts29460wzx7qege8n9ufy4g2zkfe29ljrl3,358
cosmos1ftsrjpnevly43n5g3ph4jue7urdu7ecyd8gqkl,358
cosmos1fsafyk2esceml9kg29zek6tfmwe2ru4dc8sxy8,358
cosmos1frkk7h4dj9xcy960ll0eah2rhmfcptvgnl03qh,358
cosmos1fl2jzyejvl3kynwpe6tmu0jaa74ldry9j9khdq,358
cosmos1f9v9q2qe4l4hc3h4k4gzjdpzq9jvqu9g035zp2,358
cosmos1f78c07tmuf8tcp5xwh4s0lg78wqrudzdauhgms,358
cosmos1f6wtm6399g0pzpf5mkva4t0rxfh0a7dnq6mmcr,358
cosmos1eyml3qefnymcq3useav6eezen75jktnhtp9v60,358
cosmos1esd6d6psgtyrtg0mmn320gcchr4ndm62fktqpn,358
cosmos1em0xw3nezufwqhy7g3rtypg9l37eumcelfkalz,358
cosmos1ekxdk8dk6388fr8ypzy0mzpdtkq9wxrhkq7z98,358
cosmos1eem5fqe5rra6ur9wndy52k2d6pkaamg76zsmxn,358
cosmos1e7mkv8x846s8lkuvcaklp9fket5hry6eg5d6h8,358
cosmos1e37tgxy80yxq8v8zxx903nxyn06w200f3qkvtg,358
cosmos1e32mmg0dflswu0gpxfpn3hejzlknrmsm87xzxx,358
cosmos1dzyyf25864mtp0854vpy2jzqnacljwxpp0hm6q,358
cosmos1dz3l6hz84a6kza5qk7wuv8dg0gkgd8ttkhjk07,358
cosmos1dvfs7lzahxw0alfqmput49g9zpzx6c003wzer0,358
cosmos1dmy7u2ds9f749xkcsyuzqjyq2llrutx970lp74,358
cosmos1dc8e354y95ny0eqv3x9cgytsa2mufl4cn37ncf,358
cosmos1d856f04nk57mmrd2skf6khqtlg5dazqf7j6ft2,358
cosmos1d2ayzqfdet03qexug3ek0dec9uc00qakqmnp7m,358
cosmos1d0w3qq3agl4f3j5e3jsjdd4ns85tengg2e67yp,358
cosmos1d0fy7fq9as4cxnxsh2p8rwmfvyclcnk88dddg9,358
cosmos1cvphxaa3a2hypk0e3x7a6exqc5stqnlslj6cw5,358
cosmos1cf2rvtz89sqvp9qa3sjqezvwm37gqgwemd4v0s,358
cosmos1cef4570tw93at9tua69j0a95mqmshd2zla58lk,358
cosmos1aznwvenu3s9sm2nnw2saf36swm8va9klww88yw,358
cosmos1aqhyyv8hg6yvtlj79dauvs5vej8vq74kwy2zlc,358
cosmos1amrrdnlwtmlw223rrtd9jj6xlma8eqdhkwse6n,358
cosmos1aftf38y93cn2yc4r3hdh8u28trdj0scvxzs836,358
cosmos1aak7ts347regdtw5ytwx0kd3q9p68uhp8r8uc6,358
cosmos1a6t267rk258dglkl2zanqf7gyp0pl5kzmrmkv0,358
cosmos1a3e6mwm5xatjucq0xm2tkhmgexnjkkkkdq6p96,358
cosmos1a3d8j8a24q8fsyg4ld0gg4w5w9r2yh2thzs040,358
cosmos19y5m0896syawfceeq796xq07dtkj3v8pzq5px9,358
cosmos19v8a39pqsjf36v4vusqnhcqekgusfcwpqj0hm3,358
cosmos19sug89tkhrr6zgr7gss6xs5t0htv9myy8urctn,358
cosmos19rqf9pq73lqpkgjql963p7qdyv3cp66lun7dtz,358
cosmos18xw8u3n4fz3gtv75ayw5zu3hsk0wy0ddws9756,358
cosmos18wm6wc5e48h02kvs30k3vry8j76qu4qrc5su8a,358
cosmos18sgat2247xup35kxcp8yfygl3n29ncfzz8ft9h,358
cosmos18qu5ulvsuzcq94zjc9grkf57akdjcw8pn6egan,358
cosmos18q9xr4l5cudrpdckjk539unvwtdzhk79jkumda,358
cosmos18mssx4hxzxtz5vxdgazz88p07s3yh0pts3ktfh,358
cosmos18jr7y9rtu26n2p2zkghrnnszc3pv5dpa03pyfz,358
cosmos18hsjn09vnc7z9sldwsvn7hpdeqju3azlfnwd7n,358
cosmos188t4nxfr7sufhhm36t2nrcq7levnf664hnxkgj,358
cosmos187uy3uuydtu9x8hy84r8cvrp5h9uvvh45qpx7j,358
cosmos182c09yry54x679z7yflekqkgw3rc49sxmknll3,358
cosmos17z86a8veday6a63qdwrjtfj9cs2yhvuftfmeg2,358
cosmos17rrddahr2ek95et8mg3mh3rqje7vpjnnly8kne,358
cosmos17q7xevxngexw6ljx002g2qkg2nrdq6hwrvk0wq,358
cosmos17h0p77udrhtz63t9jem4gu3v89nspzs7583ydz,358
cosmos17g7x2l7pewl9njfgms06x2f39f2m0lz3rltxpz,358
cosmos17dq06cd9xynh6tz9540d8q75tv3y8zr3nuqfss,358
cosmos175fql5j9ud0r53qpra7smauvjekncjx0mhxc9c,358
cosmos1756frpwn8d8x2afq3nkmuafyfalxns7txcese4,358
cosmos172x6nlfzkshfazyhv3elusufchglewxx9hpdyq,358
cosmos16ymlst5emvcftul2lu8sc6atravnzevw0dwf22,358
cosmos16v6afukap2nvw7juszjjgmsk033e8znuk5fxa2,358
cosmos16v40pnawxmmnx24udzq9spmgt7wsa3w39j2hc5,358
cosmos16apa8cdhrz5dpnru6khtp2ptvhxxp545tfmfee,358
cosmos167lf3p93x9cne0qwpgddu3j0ysdhqsswwewa24,358
cosmos164h0ee53k9k9tvr5j59xr602kqdagu8c7rw4d8,358
cosmos16278f4egdfj0x9hsl4tzn7fe9nalv4fmmvfcll,358
cosmos15tk9gwwayvcl0nmgahw6s9yz9enhsz3yh36m59,358
cosmos15ssaals7v42u2cegvnnfmja39389qf63mmq77g,358
cosmos15rm783ssfvu6dp9uu38a6553526zyje3zsktsl,358
cosmos15plcm8tgzf8amht90dhl5xzyjgulkvk6vu65ww,358
cosmos15pf8r39wcvjx253ppy83ft3nsx0rje8pp3qc84,358
cosmos15d6q0urencjaqaa9hzktd633sx6mfsyrw2a233,358
cosmos15ctqmjzfzjq5vamqvtay3mwts3kj0ngvd80e4q,358
cosmos15acyslq77wylle9kc3cueme5ml42aacsjqdhcy,358
cosmos157rssdt6rpr4hm32xnpc08ksfnpzflygut2akk,358
cosmos150zfsjjtpszlqztc0gkv3drs986rhwp5e5p38n,358
cosmos14vgp7l8ap53tlp0kg2gk259e9lmyza8efuvuxn,358
cosmos14ujmsdmwdv028uakpgwsvpdjk86wge2sggnpg7,358
cosmos14uds98l9acuv2k977pgrps33xy2rku8ssnxrqs,358
cosmos14psqgdwntd84why9a6zqlspthhvvuz2qnfkg7c,358
cosmos14pkc2klpv6ac4amkncc84680k44qarsf5wzdt4,358
cosmos14m27qp775tnugn6c5m4hk5nm4gpegma37grnkk,358
cosmos14hwrpjh9lkvaj3tv6nj0xc6p2aqerl0lwa6jn8,358
cosmos147s0w5xsh6mwr8dut9gtjvq0f8skvemnacvhww,358
cosmos143482qtwdfnjlyr8llcaa4fsc64ax87rwv4tge,358
cosmos13v7f9prvjkjcle9n552vs9xsrjept4yksgwntp,358
cosmos13mg7w9jmae27ah7nj5hdp389lkhavgtfyngcvg,358
cosmos13jr6a07nfm2d7mcqfxv84ytufqtyfwvxlm65tu,358
cosmos13faus53lxpmt3vgh6q4zwwgqgg3lgvvs049rwr,358
cosmos13dftugal3a6mqccxj0ypky5kzg7fxnde0r89xt,358
cosmos138xpek8r07lux0j8xjnkqpmpzt5ts2sgd7d2rd,358
cosmos12w5e3n0xkxxhuye8zt0ep9e7g6w32ly65nlmgx,358
cosmos12sx62jghaka7zkrftr8wkqtseaqumwdyuwkn6q,358
cosmos12nrecvgxn9r590t7r7zzge6sq5c8vkrly6qzgn,358
cosmos12hyt9p93halt7v6qs5lvjxu4ue2eavj632kcx2,358
cosmos12f6faa7yvr9gertektrga7meh7480tdm8s5gf2,358
cosmos12e9jspu5pypr9yqm322g4mzctexd9mml3uuru2,358
cosmos123qh6l2x8syjxu5ksk23qelpf7kyfpxxs688p3,358
cosmos10we5s6pf6yr34jmlcqzu0wauep4e8t0jfp7cxx,358
cosmos10r7qy0fsraewpyjh7lh2z6rvetwwe8nwyqncvf,358
cosmos10qje9zdam7306mjcxj2x0ms4qk9958ggg38t5u,358
cosmos10pdwf9276lf8kfqr8apk32td55d5h69ze6f2jh,358
cosmos10knjzfzvar4r3h2p5005ukx9qjcp8qcf8mvpsg,358
cosmos10hlw2s73w0wh3au235nrrawll0vlyfssp777a3,358
cosmos10g5ezpj48l5z3yu2rkkt9jukdnw9edsx0qv3l0,358
cosmos10axjzv4jjsctgyjcdylqafz9cwnetzmpj0e69m,358
cosmos108w5ds7r02cglemx458r0kunvec8we0jvse6p4,358
cosmos106uy97jw9andj6ydwzte8x5jazxys4dkzt5rxj,358
cosmos105qcnwsft0w3jncut8yhevny50gm4qm2np6wn7,358
cosmos1zyvlz7a3zwnkx7mek57kmc3n77m5yns7cdajg2,149
cosmos1zygzltypzk0eqethq8rdf2a8lv9mk86k9kj2qq,149
cosmos1zlu29r4pcpj4rkptk76avm98yx7jkhjdg32hsq,149
cosmos1zf3tedtgsesvjymqjjx8k08j3hheyxel5mz7rr,149
cosmos1zcy7h3cqsdhlcqqc03nynnvu7r7ys243y5wjxn,149
cosmos1z2zlkt3ae8upxaqzs5hfzte8rhv5x7cyjk0u3d,149
cosmos1yztx3c326qnqgwnss3037nku86umjwphrwgnvt,149
cosmos1ykvr0ld85n9twsu0lr8k8azxua8gt7qkspt2zq,149
cosmos1yem4vjnmccm6dwkmsrkxuclzzwrgcdq3lydhp4,149
cosmos1ye4t7mv87pa5hpge7tej5htgwdq6km23d9dsn9,149
cosmos1y5mvaxtkaajvq55pdsdkjasx6wl6wnmq7jefwn,149
cosmos1xqfmj67p74d4tkzj5qdcd09mcx2uv4pnkww3ff,149
cosmos1xn5sppee8s03y2xdyjyv7krwt58ctj04kwxmrg,149
cosmos1x6gpqy0tneqf060h4l2y8fu3xz57d7576dwrcm,149
cosmos1wpwdxtx0ys9hzwcrvdvevq56jv0pr5csvfqgj3,149
cosmos1wljtake6kvlkypcr9eqgagtptd98ll3zx9a9k8,149
cosmos1w6978lq3zmedwggxdly490q50xndka4upk7udn,149
cosmos1vy93jxfzasqwt30m432hpy2d7h8p85xreurpma,149
cosmos1vtt0kyy5ldy74p4vq3y4g88csrktj9uh8zhdf3,149
cosmos1vknkhm88u4dl0r7jy83d672dej2a72gucsep0s,149
cosmos1v25nftfd4z7pt80xmckzaepqmfntheyc7qd6uv,149
cosmos1uhkavalnq5nrtc5vltfx4vwc37sm83vrtmr85s,149
cosmos1uedrv6aq5yusamxve58yttmj38puzsh87rcrqa,149
cosmos1ua2xkvcf9y79auhpngd3zh4flj3dv45pc89gem,149
cosmos1u6tafzmfw26wgu2ed25ylvxqn2f5ha63pnq2pd,149
cosmos1twpmjyjkl7j7207qqxygqw0nve9484kqj7nhr8,149
cosmos1tn2f86fsjt52cn576mzm9zgs5rqvpxz9fju4up,149
cosmos1t6p8z85nwnztrsas63d6zw9sfzahl3e6u0s4gl,149
cosmos1sypw2rsy7nveexz4fhf2ywws0mgc68yvtzcd48,149
cosmos1sq08mydq3vflkyy9h4h9t8e2npqc04grxymyt4,149
cosmos1sns6urg7kek3yzw74qmgshpx2sud9wvtfx4u2f,149
cosmos1skermrrpg8arexfaqvjuxct472skjnsy4xze79,149
cosmos1sjq0rd9t3vgenwkk6vh6ar40qpkqavrw6p65tp,149
cosmos1shguu0mrua4qq5v9v5kujmncwexttdywhke7eq,149
cosmos1rxkmasezf2n63edgvxlp7q2udwatqf33uzdkjc,149
cosmos1rs5kf4e5h2pmdwsk59h8ag9pp75f86mzmpxu9t,149
cosmos1rk490454jzu8cnt5alh72ms0f8y697vqmwunc3,149
cosmos1qy6y8hdnwvw505s74nnjc39uxr6456xfl8ljnf,149
cosmos1qvapjwjscexqjg7aacmjcnnhq9dmw34vc9ah7w,149
cosmos1qt9nr2m65yd907d4j9unsla5cnrmwlp90f439w,149
cosmos1qsk5y0l9vt0w59m4rd8dlfuafnrjmljlmjs8fa,149
cosmos1qm3jyc0808a3muwh5lcv3wwl07tlf5feul6t7l,149
cosmos1q86xxdcaz6qdrfs3hal2qp4u5ma0gr096ncwlk,149
cosmos1q5j2q3l4635t2kgd060xvlup3ap9fexgnjaan8,149
cosmos1prz0ffntcf8fq068259tgtvvvvr2plykyzc8s0,149
cosmos1pqqar23w55hfvn4qytp39su65s8srzru6guepm,149
cosmos1pgvnqrgxtxvqesemv03z8c986wh90089m245t7,149
cosmos1pdrv8m24u0rpdfs6asghma4q8xr75tff2e9z9p,149
cosmos1pd6v70ta0smp448c07ctfpa5f2jpu5ty3ljv09,149
cosmos1p9rywth78292a4ychkfm0lghl7trwk9usa8nxp,149
cosmos1p3qvyssf056epz799c64zcsaqeauku7ugczr55,149
cosmos1p330stapusykfss47qrhqlukjncvgyzftzuvna,149
cosmos1nvcwqf97m23ptzkerks3mfcl9pf72ea5v6xkky,149
cosmos1ncgnyk83999s55fl8qagxpxnjvvn92vqwcnm4g,149
cosmos1myp69lc8kunwp7zqn7ny3nnzxgcvhuhfjjr9pg,149
cosmos1luk4pdr3rsncd4ljpypgj356753rggkl60gpmw,149
cosmos1lsjqsr8mwcgqk0k6g3zvuwq9qdpk07qjtma2jt,149
cosmos1l392t9zl73e9fl3e8cjmeazs86q2r8mjtd765s,149
cosmos1l02zx52cl94us7ekp2kkme4kx7c9umgckcu2fv,149
cosmos1kvg8medh838ec94gxdkf6ckedx77l8ftclxylm,149
cosmos1kq04xy9wyhn5dq085wr7gud6ds6tvxlgluec60,149
cosmos1k83vral0cy76ult338mk7vewsfs6t25yhllmz4,149
cosmos1k5lqmkqjyz5826kmefa50zv2vpwpkvrkfyyfst,149
cosmos1k4lw90wq8pp60ry2qqhx3mkt8m03hem95j72m6,149
cosmos1jtz0sg855ymt2l6hugnlm8zzl04ddpe38pssmq,149
cosmos1jex6dl7a7fz5f3n3a7a473wm8s4y6cehuk5s66,149
cosmos1j0pdea73p3jc629ltfkgcd33hd3sytjk780f7k,149
cosmos1hyxkrvmxhx0xdy3s4pw8cgy4sajw8fcpguvuvq,149
cosmos1hqdkfh6e83kr4lxtnrva9e0elkmmlz2qpp9q3r,149
cosmos1hfa0m7az25m8xymrfus38ca426ln5zwgr6kyly,149
cosmos1gvgy6sh8qvqwj6x3mqpqwz9lca03960fkc6pwe,149
cosmos1gdmvcq07dk04ljcxkymz205hq6td60fkvfv8m4,149
cosmos1fxejrsn87evdxafefqgg0km7cq4uw9aqntr5e5,149
cosmos1fqvdf83gayzxpwdzstjud6yslg23letmjdh837,149
cosmos1fea9dkekqd6ngjn4nulkwgahtjky3xjy7vmkry,149
cosmos1fcdd7s0lz6nyp4f99gk9ree0z5vjwyrnmuk2uc,149
cosmos1f9xqujslnmphxg9zvuxm9f829hqm48klak46wt,149
cosmos1ewpm7uhza9sa7d7qdhcyugle0qfmewyql372yq,149
cosmos1ewll0wat3w3qrephrtgy67u5rd5a66c0qyl6hm,149
cosmos1ekhv9lrmf0u9tnwytq5ju2rypv0nc2j54ejt9v,149
cosmos1eac5a4c08fxe75gkekwrugklusk5uumpf92rjw,149
cosmos1e8a550mfrhqpdj20xarl3d6eudkpk44xyj7y3w,149
cosmos1e02fkjkwdnt0c7kzmmqsey04zhgc0gmrul9tn6,149
cosmos1dldhrxkhkcl2xj3u4v6fwm4fmuang0kj48jms8,149
cosmos1dcd5yalcgsw4tfpqfdtq4k8j6e7y3g7f38tapp,149
cosmos1cxymlc09tnlnel4etwegphqu08tylqj5aynv75,149
cosmos1cu50kgp7v0xss8fhfe0fjjvhr9tf8uu6wj0ryv,149
cosmos1c05j3q2ccuze6us065lt2spfk53x5hrzldh8p5,149
cosmos1ad46f6sdhrcwycejt0n4al5ja7pmdgruatagx4,149
cosmos1acs5uq8wrw9pfecjd6wl5znc3sjd5mcd2qekpe,149
cosmos1aajs5hj77gesm2lpqwyuxrtyrvh7v5ackcr7j0,149
cosmos1a4hany72n8cny5d334gw2smp86v0efz5rqzg33,149
cosmos1a0up9a27starsk4nr5ufcsjf3syu2kgn6h5h37,149
cosmos19vvcp526qm6j3ekd36u4ndu7gtvt8h5am0ly9v,149
cosmos19hcg7m7rq5pzlrgg7ny6r0r2tn060g003mcvq7,149
cosmos19fkj00q7387l9mp2pum3l359wwpfnkn84zkqyg,149
cosmos19709z6gnkzfjkzl55uwh8jdhjrg0445erm8alg,149
cosmos18u9teze2gcqz6xsna8hhvf4fj80xcx6sklmux5,149
cosmos18hjaj07ed9me0kanxdl67lf9njlkr8v0q92tns,149
cosmos18f90ktxcjalkchwwrqmv60fvl6lywv84e72t29,149
cosmos185ujyfznmhln54tmv3dc32pnymxttksmwra5sx,149
cosmos185qxfdrv3uwhe5xal694la3x95rlpq8qtvn9ff,149
cosmos184zm6tug27h386y3fajgn39lf9keslstwqmwj2,149
cosmos182tul2dksmwur370ks4ghel0yr8mmgrfn2xx82,149
cosmos17m0hnq9nf9z0cedyk2ff4p9cwds9dzrm4pxvqh,149
cosmos17hjccx5drxp9stawf0hk7wu6fdjum5zvq335vf,149
cosmos177wdc89ngt83afkky8fcym70nrew92edt6xhxs,149
cosmos175u47vtfqtagl8x3673s9ud6z5qtzfth2klm96,149
cosmos16zllw07zs7tt5fmy3vm5whmuhqq7luztavk4yf,149
cosmos16qgh39glcqcl9yj2tp6f79qrajfmxvdgg7xq6w,149
cosmos16e4q5jzwwg9smjuh9pcwfgnwslxnxjd9zwk4yt,149
cosmos15srz2ecqdzv25rsyg6alhusn5h3ffnu8y7s9es,149
cosmos15q26sf7rv2etzs3gny2h3yqhrfrsxg4e93puyu,149
cosmos15fh7kyzv35jdjwh495mlj3xf2833z0psc69s9q,149
cosmos14p85dffl3qpepn0nzr0fs26ckt0e5vpufs59d8,149
cosmos14fffweg7a5tzdc38a49ynr462s83jfu0tmz2zu,149
cosmos13uzreqmygghpxqttxmsj4neg5fgwvcukyagvqz,149
cosmos12y03v6exf4qa2dvwguk4qv898xaeq7r96s6dt6,149
cosmos12w0j262kvv267rhkg9q25nyss98u8uk7htlgyy,149
cosmos129khncxhzazj0d0658agkq2j0l5n3vpygkd2wj,149
cosmos1287gkc6a6d5gex5gg0plzs4fvkg6n5eu5ylqfp,149
cosmos127sk4ytr9853m2w4wwvxft59vweqwgzp3rxm7a,149
cosmos125g84903m4fv74puh9mlqgc2fvvcgtg2g8lxpy,149
cosmos10t92r7ygtw4vnty4hzy9jqwmxhdd580xxe4pw2,149
cosmos10qrgy7w4xrxdtg4kg0fctqj7wmrmlg20xlhwkn,149
cosmos10pa43wvcddns3rwl5q8zhrszhdmj43k56nu30p,149
cosmos106k4kxrhquxsxxqxe5aw2pz8qk7g3yzggarldf,149